{
  "model_name": "gpt-4o-mini",
  "dataset_path": "./qa_pairs.json",
  "overall_weighted_score": 0.5,
  "context_evaluation": {
    "file_scores": [
      0,
      0,
      0
    ],
    "chunk_scores": [
      0.0,
      0.0,
      0.0
    ],
    "combined_scores": [
      0.0,
      0.0,
      0.0
    ],
    "avg_file_score": 0.0,
    "avg_chunk_score": 0.0,
    "avg_combined_score": 0.0
  },
  "answer_evaluation": {
    "accuracy": 0.7666666666666666,
    "completeness": 0.5666666666666667,
    "relevance": 0.8666666666666667,
    "clarity": 0.7666666666666666,
    "conciseness": 0.6666666666666666,
    "weighted_score": 0.7166666666666667
  }
}